id;quantity;price_per_unit;create_at;modify_at
1;19330;31657;2021-08-28T03:56:34;2021-08-27T20:19:43
2;83155;72396;2021-08-27T16:22:03;2021-08-28T09:22:23
3;79571;40553;2021-08-28T03:09:48;2021-08-27T14:16:32
4;94909;10617;2021-08-28T06:27:55;2021-08-27T13:12:29
5;22079;42540;2021-08-28T09:30:10;2021-08-27T13:11:35
6;81050;60325;2021-08-27T19:21:14;2021-08-27T13:28:15
7;14008;17905;2021-08-27T18:14:00;2021-08-27T14:27:46
8;15950;58725;2021-08-28T07:28:00;2021-08-28T08:46:50
9;40818;52898;2021-08-27T17:10:15;2021-08-28T01:45:00
10;52057;77985;2021-08-27T19:32:39;2021-08-27T12:31:08
